username,password,age,annual_income,spending_score
mmjn873b,DyXgVQcKAk,44,57,53
6vgqjbs6,vPJADRmEUC,70,35,39
liiz3iag,etSpZZ82aL,55,36,56
sr47l355,9sjW65tVYN,62,52,73
pit4s4a9,rZ4ty7V8Ll,18,99,75
indo6c3f,WOTFVkybyA,56,79,11
n68rxayh,VA9E1sSU9i,41,110,81
ldlnyddz,CeOqpm9IfT,23,7,87
3k0qqi8v,tobxiyVM9g,70,124,35
yyv0wuwq,KcRtJEVomp,26,29,33
sxwklkjm,DIL30zmMg8,44,71,52
nkyk0rh7,pZVp5GFgjI,62,130,24
qad69gge,MqRZCResVO,51,36,91
4w4pi5w9,3mGIxbVlUR,34,32,51
a8pj1c69,FLcmOIpauT,23,75,45
9lurmplp,WwrkGSiwAh,28,41,36
zydv6t2a,qGMEqRWTYp,59,127,17
qyjaec4m,ZaGnTwm27E,69,146,72
jh5oy5mr,zvzdezs8MB,48,138,100
av5r3lm8,CQd8SOyzkt,52,129,5
se7vh7cp,VwLnSCzIGE,26,82,21
fhc73j0m,UnhYK2TzUv,51,7,57
md33nqsm,4AySyr56dh,65,57,29
ar52wi4g,LRpZa0xhXJ,46,29,56
e430l6vt,2TBKzJwaWy,47,112,25
iuea8yhv,wa5AlUjZxB,41,82,87
c78nbpgs,I3H0bfaqML,57,17,71
c7kgwtzb,A0Jo6eQ0rW,68,134,13
i7xmij1u,vJq1m5JUiH,35,68,5
j1f7ws7x,v4lfherp0K,25,121,99
kj4u696m,JiXPT4c379,63,89,31
t7icsacw,dPXKVV79uX,31,114,88
diltrj8o,GmpLzUsZeY,24,103,73
4khjoyza,uZR6iGLoNF,20,73,22
6dbjptyf,aRO4O4qIfz,28,131,61
g2xyt9kl,t77EEdjFZk,27,82,2
xwx3bxx7,j9rdHEn9E4,50,49,12
bcuxu0gi,QMMqXZTMYC,31,75,58
l5doe4vs,20v4UskZvb,60,128,5
h2uig81s,kZ5lPqL90T,34,137,82
ht7tev8l,grNba0Acuk,68,83,90
lr1l4pcu,XxUIQAmrOx,19,84,74
k7l6tfe0,7VTMsJSJq4,42,142,92
jjlnyz91,blKGuogw6h,52,6,3
mw08z5e0,fB8Miv2Tvh,52,67,30
3wqhuj9o,JU10U7f2hM,60,11,34
86o7jl72,b3yYmM7lCX,34,33,17
gnjc7b5m,qjy0fdDfBy,70,22,39
gfn5xc8k,woN4Cdbaa8,46,2,82
lmna3h1a,KEFTC0QsfQ,41,90,26
uk2bwtaq,QanuZa4KwD,30,103,34
4z3fk13k,rpX57pkctQ,46,131,97
w3lk6z9a,2FkmNAmC0N,29,52,72
nak0yph4,AIUJ49xSKK,46,67,95
kybi0xhp,cg64kQqH2O,45,85,69
zvu1rmaa,9g7lfnEZFp,51,8,40
3qec7oao,GngkJIjCg2,35,4,48
gocuuafn,3vTLrTVmmH,64,41,21
r8hrjsly,I86zb5AsWS,29,82,89
taicv6gw,tcAfWqtsD0,36,47,18
a5rja877,ss6RyVTNGN,28,56,1
wvkhg4er,7K4kTMFyZg,30,45,87
3bp8uv4a,0msH15PyGm,25,24,53
f2okfzsu,U0e2dvoBhK,43,103,17
bag9gtmt,3xu9DQcFZP,63,104,88
m2kg2bzu,Xb9VFEBLgW,24,132,59
4q6v61xu,jgRoG91vqD,50,51,97
w0h3uwqd,CxHcPByxlp,65,56,6
j4kzwjh3,ba9z651teF,45,96,100
o1vjvnk9,vMpoXozrhd,34,56,11
xqwb7xi5,3DWWFTdbmW,27,113,36
cjthfx4q,roLzBfBBuN,27,12,86
ay244ieq,WqIrHyN1r5,39,119,24
ec0o19tz,4Z3yBOHjEH,23,105,78
kzzjxkoh,7Jq3gHAyee,33,9,16
cnsjckat,JqE9g1vYKP,37,35,78
2p1kb2r4,SakSaO0mUl,53,114,8
g40cf41h,bEW94GxL2l,32,10,38
i8xe0x6v,ZAnfJiblxI,60,36,4
unioi8e1,9DciP4JI2Y,58,39,35
ky6rgmnd,CKWbnbUwre,55,141,1
htlqin2o,L8IBIljs2l,48,61,98
lkabfq3x,jNr3GR1N09,48,65,14
8kiwuujd,K2WjBmexkB,52,80,57
lqqa2mz5,fMvjf3GLX1,32,25,88
fe3jdc98,96pYZmOn2O,67,109,56
gmiqi5lp,6xxKiBe2JS,61,28,1
wbukyasb,RCwvZGLYeN,53,78,92
hibob98m,wcC66FKUzF,40,14,15
x7wrnb58,c6DK3zA6Pd,66,31,8
vvijo02x,Iw7YvpmJDD,51,79,36
ma36hclp,587xh6hSkt,55,134,39
iy0lruh9,X1eeEaxj0z,64,23,48
8bslbw6b,JFDsi4x7Pr,25,13,90
b764piwt,vit8wTTtKV,32,51,88
ndc8pmm8,Tw1THylqh6,22,137,87
eikxbikd,HuzM42cfEh,44,82,88
tlrfp9xd,uH6z9Pxe49,33,21,33
9k9wkmnd,48JoN2YxrX,47,75,35
cwc9euap,lK8ZsCG3HG,62,91,56
wopsppm2,PBC64SHgdf,37,16,16
z4e4k0jo,6IVNgY2U6O,25,101,48
i3t5ymfc,DsaojUk3DD,52,134,17
yeyo1xnt,CIILFpnqCm,32,82,39
wed33j8p,kaoSB5izM7,56,58,45
6au0vpbj,VDM0DNQrDt,68,47,81
zu6uths8,5BohPxkv7N,66,107,34
dm4q9us2,SA4hTHCNuf,40,10,56
2w3mrkw1,GazU2NNLm5,45,139,10
st7bny7o,nK5u6asznP,62,89,84
6g2ajwl0,z0Kb0XLM89,27,19,24
8wg9it9k,j7s2V7iO2g,54,145,87
wfenlmkx,3yO50shClN,51,89,34
he21co84,KsLT0cWu5o,51,25,6
b8j17jqi,R2yu3zj7xP,56,29,51
bo1xrqid,icV4YUY0a8,41,27,2
4pqsbcl0,fAhrMdcOxz,70,97,8
xcn7sr3m,mbx4SfGkLu,44,10,38
ubh7wy8j,W13nitTrQ8,30,47,66
1pwrmo57,3vnkCZgFEm,60,102,49
uhsedhsk,XqIZn8bQ67,58,114,80
jn2lptvq,FxjyUrL9IP,65,87,65
654fh5kq,PwO0t5c9SA,25,73,12
oikts72l,0Gamy6T8yh,51,99,85
uv3hxj0v,yTbLByObbm,21,43,84
no30scd0,aycPEWBrHT,21,106,69
h0a6zl0j,YPUsxacgAF,50,35,53
lioxs57k,0tj7K7ftBk,26,134,34
rjcpludc,AX22yk2HkM,23,25,84
7q2ituhu,TPqTmMlSyI,66,20,22
lh7ss9z0,LYmFNBx3fv,27,135,86
choia243,ToHAzUw83k,59,147,7
ojl8pnmr,gFHdrrkcuZ,28,4,1
g1u2xdgs,ptGLfCdUU4,20,123,100
olygsmbd,LnTFIApTKX,58,142,24
thenswtn,sFd3g2NSRq,50,140,66
1vo5b6gc,CmrVRUeQZj,48,24,56
307mt2py,K0i6Y8ozY0,53,89,82
ayxel3gw,2H0FKndTT7,42,113,91
zchg4wci,Rm0FmZH0W4,49,44,8
acb02vbx,jdF0NZR2F3,26,40,79
5d7hj01s,k04fgoUthI,61,97,52
6tdrscmn,Z7QM5EWOyi,66,149,25
rf3zymen,tyghZrNlkC,63,111,50
rol8b3ij,XhEhAIBjkM,32,95,40
bwlajls9,y8QZmvaCer,63,58,68
ezxt5anz,yLOjZAFIoR,35,74,27
unas0z1w,O5N0odDZCV,61,112,55
55ownkay,qiOtYicXzU,35,121,30
36j2ucj1,Pbjf3eHEMC,27,119,100
d2e9pubt,BsWwIuMiz9,32,67,48
531k3vlp,75Dn4yFMyP,50,20,61
5t79nz2s,tVeUl9YttS,55,80,2
h6oxdy8t,MQQliifTIW,70,15,87
ul9o0ha1,qNPvRJDxH6,18,100,60
54g619ji,TaPIC5Isrw,63,29,93
9xbvuxvc,6HkTrZ0u7U,67,54,53
z1kl4rgx,ZyQbUqrDTf,70,70,82
gbm12rxe,vRrxCo702i,24,1,92
3nq0ymjq,fRABq9CAYX,42,10,28
1jdyek08,qFzGbMtXRH,34,61,81
w4y8nuot,AeehwJa6Y5,64,119,56
4yd22bik,e9cJcPKQ55,70,7,16
ih09f8sq,HFnpDXG7IV,26,35,79
57oz3dj5,QYDGQFjr4f,36,44,73
qjj1a9ji,jCYFrCj9GP,39,91,39
zk7mxgci,at24ApfbdV,29,1,50
8viplzvl,uYre74Djyv,36,103,86
lryhfpr3,gJ17U1bskD,58,39,79
wm63mhed,21ftwKAmfe,21,142,52
5osi5yww,lk3mMWlia0,30,36,83
5q8r262m,4585aTDelo,54,117,70
ssp8n82n,YFBsDYQ7Ea,54,91,29
3gew5ty9,FYDxz9bhEi,52,46,78
ylssdds5,NsbD0RFuZP,43,131,19
kn1kwtdp,FXoZvGxD1v,42,118,68
7fslfwmt,hS3H72L63R,67,87,26
45b67wu0,F26SIFkogi,67,73,96
19s9owf8,UzIh4reJLg,64,38,99
bg7qfjcw,UGAdKr1npE,70,119,17
j565glew,aAPNBtwTBy,62,106,24
0rc6jaes,jDC16hQSJo,26,66,49
5ucfsnz8,Zkacw4Wo3v,53,20,57
h9f9sg9a,XNYO9k3NWF,50,9,41
3adsmgp4,rAq6iPYYhp,28,93,71
ues7652n,Y3d3BTezRY,67,94,61
5lrbd9hx,gcT6vSsLnk,51,87,2
jiyt81qq,A7oKIBvHKx,66,118,27
2zeavgr7,98fisgqReZ,38,102,82
9kzjowlq,zDPHppsmM5,64,121,99
td450666,9JziGhcANr,67,111,31
xkulzbed,LX3erD7Bnb,51,37,23
v7nzvgzi,KZxYGarNK6,68,94,57
masgk0ja,EYwSRw4n1I,22,112,59
lm74nl5y,5LnoYCgKud,38,49,95
7e5vlikh,3Wohgszwld,41,96,50
ajk51t14,o314Q94ds2,40,127,96
zojrn3a9,iqFF6SbbAr,46,112,88
yhy0dqp2,BszmkWgadQ,61,138,29
owu07adm,5deTEiJxX6,58,25,88
gbktbs9q,Cw4aQ3SPny,47,137,43
qijplnkg,QjukR5Ul4J,22,30,16
7j8s8lld,0SWV0EA6KX,47,126,28
fnoayv9f,UJ1VaehmjK,41,139,31
rfzb5srw,X9YUsi8OLg,28,63,11
51qs2klu,BsDlbMKy4q,20,121,8
7fvetvf0,twlm7XdWwc,20,86,42
t6a9kh64,EXteEr08ZC,25,7,39
68mv51z3,1HzRZPz1Dt,59,17,45
1669pm3x,ODykXEkI3R,28,38,86
8zck8c7i,Heagb1McFU,40,54,64
75zvy412,fTgcW8VYzR,42,90,67
p86lbh2n,DZptE0d1c3,21,81,49
mbdkbfu3,ccuJPlEqAH,31,126,20
auhfxl2p,2QzIJUSsRj,44,85,14
o4ubb5mo,z5K5yhIF9c,49,71,42
zkf2lc4e,8eUuaiiEON,70,89,24
j416osi4,T1JkruChH9,49,124,44
azhb6382,tMCXBnXrlt,40,77,67
zjjbarlq,4GBPFl2x0Q,24,98,51
0drf0rre,WP7UeDRTiV,49,125,92
4s2ebsvg,RTHCbLozXr,26,130,5
jd8ir13t,SbHKiEJWEq,65,84,4
wjkcp0r5,bjGTpcGL7w,55,19,61
5c33ium2,9LVecSQoKF,59,140,10
1xg6tvf7,OrrzUOMJv7,20,26,100
onpr4n3n,Rxkxhx5RHk,41,118,24
lbdt61nf,auBoOlAzcT,40,59,11
i156evcd,hkPvJ0BDed,57,90,22
fh4ae1gg,i6mZaGRPB3,39,98,75
uaqft5wy,mII448ZRgw,24,101,78
u1g9de3j,iGQqcA7Bbp,37,137,47
6w81ed48,3MgbEejZTj,59,26,43
o1yw2f53,Y8nkDJP3Tv,18,145,28
nrmfj509,aATHWPkgcl,49,84,16
mc7wktuv,kFT3VxaqYV,38,148,90
cr1e39if,k8uMNfiiPk,38,57,47
hxaqf7n4,DBXl4W9i4E,55,15,31
0jfd7c1t,zSnPHESCRs,48,42,38
9aeyo6u8,jFuLGazT2s,28,112,3
5g8p5p9e,x4pmvnjkGI,54,129,97
gjfsvclk,L4Kl2N13Wo,28,13,28
n916g1b6,NqCQ2StHMW,20,115,34
td3amoj9,pMTzLFOyEo,20,93,79
f7zer4ta,TZ9I0Ho33E,59,69,63
iok2zmlj,KFGG5nax6V,60,106,12
2229zwhc,SArkeXIg1A,42,120,31
zy8wkix6,Onc5pxF5y9,46,34,90
k755b7l4,QNiW5Q7e7v,45,90,59
rdjyvd9b,5eUCFMnpmp,24,74,57
muh24yoe,2BiWoISkQb,63,115,47
vr3dvrqb,19MvwZgGyb,67,81,48
jdpvb7yv,w7YQZwFAGI,64,109,53
jan8n40b,BpY0LkXe3i,64,98,61
8bqtx4vi,SEC1DQ98Ba,39,25,51
zl2sr1jg,OqbDH2Z2y7,64,99,50
69o54nph,TQhoE8YTUK,28,101,92
vuex7kzn,FdrywPx8g9,31,105,7
lpabwkzz,eDAJRM6TE4,23,8,16
x2ee8vpq,6oUsCkIRWO,19,127,84
no9rkji8,uyH57w2ZuP,29,84,60
okxwbqop,ad0CZv4ni4,47,68,36
ukel13cp,rfQAzVjRKE,26,1,16
1qshnfyz,9H1KvA8Dyc,51,44,94
y37xk7uv,YB5atKtWkX,43,46,75
5wz7h72y,F3KdpItPys,37,103,69
32sr77ir,nYoJTEkshu,47,32,56
ay7f8e0l,QlfqqNDkjM,61,138,24
qn5b4a37,kzwFLb4e2l,29,142,30
lq03p9mc,i2kRTjkDwB,60,149,32
7y0bo4xr,RWdwFNUqJY,45,19,62
adv2yh36,XAMZ4f66CI,65,85,80
il7aaakh,muzVP1Iuda,51,104,54
h5e57r65,DZH5HHNi4x,27,42,38
mjr2rlwc,NqoBkgR2B6,33,23,80
bsmcd8qq,uI9ffNWGsG,38,104,30
wpno8lie,mSnc1BxrtJ,63,101,73
lt5guroi,081gVz8BRJ,19,58,87
ggqm1qv7,spcUdGoCes,32,2,100
9ho5yahx,VSsYMQb8OS,62,63,40
k6n3kfjw,pSec5DZXhP,27,75,92
j9k7ocr9,lomIqYP1Q3,65,74,15
8erj682c,ufMUenN2tF,32,96,25
7xmqfnss,5YvVHLpGaL,22,27,55
c52d65ir,ELFoJYKVvA,58,52,23
3nsxik71,FljjB4kqNQ,43,110,13
81kgpg44,oT8B9LhEn0,59,11,31
ltmcplfg,myZafh0tzc,60,142,45
c2zwfneo,8awVFJksrU,63,131,97
94cy4gyr,4PD8WppWiM,42,39,78
p73y727q,FaDynfGv3B,60,33,30
mv3vksrv,O4G7fKIXiM,63,110,51
64n12t7r,hbpx0PWo16,21,5,94
rhqkxc4f,ARhPblkylY,26,13,61
me1zevre,xWX8DpOPJA,60,43,80
hvv01bvv,Od42uyBDCr,33,121,26
upmz6xtf,4ZXhaN9JMi,60,130,42
zv2jvgzz,HvYZEskEcV,63,101,29
ij05q79n,KJtFpTM6R0,63,102,18
aj1kub8i,BjxRTJsRJN,26,86,95
0j1fzkon,uQO53nQXZi,36,74,93
y40a2zmg,ZO1CE44LPD,40,35,35
9t7ck358,JqKMGCTT2V,40,13,82
v1eqw747,Jk4HPCcpVX,53,55,45
id5saji3,5tMkcPPYAV,66,144,41
vtudshdz,JZGC6BVF3E,63,2,77
odcuec86,d7zbuVll9z,49,24,24
66uaro3i,fP1KAojNfz,29,109,29
5hdovvoc,G4lmXnDCuU,66,36,87
hxlm1tav,JrlL0lFpyo,24,41,74
n4xxqebe,oRxy0OYx9S,67,81,55
3x16r6ri,L5xh06A653,35,122,54
cijf0y25,7yqhmj6ObT,31,15,78
czyq25un,tbnlgk87pZ,18,130,29
oe97ahyc,VTANxCNIwf,49,69,19
vy1913xb,YS3XbVP59V,19,140,41
hcr0eyhc,zh79yGcvcF,43,2,14
23g043hw,zd4ctibA5R,28,43,65
mf9y5i6d,qw1QxD2KQl,30,69,41
j5115h3g,XalVkQAJ41,66,35,94
uuqmc6b7,eLRWAhrWSi,47,6,87
08vi1coy,zmEe4GjsaK,68,100,75
48uzggms,j1Rc9WnrwL,24,142,46
2ijmecp1,kqWtFh9dSp,22,51,85
4p9ovhbp,JxYQdWdg8Q,68,71,81
6lwisgzd,FCK0hluic8,59,36,46
vpz76qbe,PXOxFmAVN6,24,133,86
meqld9el,tD7iOBug80,59,61,58
wllltekp,Pf5Uj9yimu,51,100,35
yhizbxld,Bq72Y5FtPH,57,74,18
u5o4dgyt,i8zzS0Cv97,49,116,22
n2exxj85,3186bn5mJI,67,128,55
be24z0fx,q19zfHkyJw,41,68,32
fu33cl8r,KMU5OicCkB,32,74,9
6ph9lmzo,V0nTFsijub,59,5,6
asuo2amk,Px9iJXr8XV,25,100,15
j94rkcve,XUGxDNmrSJ,52,65,85
z0crc1gn,Y3telP9bOl,47,145,48
froiak9h,FvGw0Z8vhU,50,133,68
5cbf69dl,KkQNnFUhOm,62,49,3
g7wt4c7z,cqeMeTQtgN,52,6,35
knllfvev,qOBsV8Ra7j,40,91,74
crnu4ceh,8125DfgpHs,57,23,25
dbse8fqv,IpC9oySgHw,30,19,53
beqin3h5,k7PZW62GLD,46,138,62
7sbu7pwm,zKZU7E3s1a,35,100,66
xsbvb0ut,j48OGyRHKv,44,134,41
n5dg5uoa,wBFyTqmKDO,43,37,41
xoa78w75,OtIIobIFSq,27,43,47
rgjumls4,LSJzTYjLby,19,114,90
axk4up2j,Jx0VoBhSjf,21,54,85
7f6k6lqj,jJv75LsRzm,35,39,99
vkd6zh57,JNXYMyzgn7,66,144,33
u1if4l6a,WewyGgZbcF,67,94,93
s493gu5o,pMQ6GbqFTv,50,126,32
51xh5hzx,VfUN5GwS7N,58,89,86
vmluukuz,TPZwokCg4H,55,58,33
0w1dy7x3,0YV9fbVnL7,42,118,42
fjk0thtz,WmMEtzlgiC,36,63,85
itb81jk7,5GaGkuH1KH,32,5,62
7fy1zp2o,7WjZlNBXZy,39,110,36
tkcc7dul,1o49mWe1ol,39,72,99
25iyecic,lRH9Nao4LK,33,96,90
qkjo34sx,JMzFRYIUnb,31,25,5
7r9huno2,kOh2tXdhP0,33,146,24
yj4y7q27,USF7YrV3hy,30,24,89
uhu7ggum,51RplOwrEq,20,66,51
bzqem0je,8CSONfMIJD,21,129,99
7jeorppf,KNPIhN7wtX,33,32,21
56yw9nic,GfcXhgByH8,55,47,20
g3jsjdbb,w9hKZKQGuC,28,115,99
gwa2vp9x,wQa2PT6KZp,29,12,16
emysjjw7,5UOq1cZKut,53,34,50
rduhw506,v4DHwgwSqg,46,44,9
oxx6b0nq,Vo41WOb0ZY,34,130,2
zqxzn6of,PsUCldrHAH,54,36,1
wguywasq,DXaLUP4tHw,66,77,43
4ddlehp7,tMej4VVoNi,30,56,17
5qgfz4n1,RUQerMMc4B,43,106,95
ewdtwsv0,vUydMImrNs,42,20,62
u7wq32d8,hItvgj7opZ,43,22,47
zjbyxhpq,RbyL5DctBf,26,27,14
9y518np8,Taz10IvfAi,58,132,93
4wnl3lb6,Xyi8mTYKrd,28,134,53
jgq4behl,fqFHsz2tPK,60,122,37
llz1t434,2uv2OA89h4,44,119,11
057k9y60,FmYb6odVon,35,63,42
vgi8aga6,4V04X0JG5K,52,85,25
6n3l8aci,pxjowYSJtW,28,94,80
2nhxcj0a,8XZW29dQq7,56,72,89
ggu6sx3s,OUbeLsZ0XH,37,112,28
etm8qlp9,0gCFnVmsAj,32,131,18
ah39hgc5,qRPIMGewA8,58,49,31
8oikxwbc,MvG4BU9tAP,53,44,57
vd0ju462,kQKhQ6X3Af,64,12,35
rpot60q8,eJP2DLSA31,37,18,73
sl2akgjq,503WFQ81AW,25,78,70
m076858f,wmzQUQCVw4,49,150,81
emvino21,jsWNGBIsPK,50,92,31
ktxshmah,mrsDvDNYZw,57,33,9
u4x1ofoo,JXX1onT2SW,58,79,86
hm91w4x5,wbhxIIe3US,25,89,36
3innp1zh,jiyPv99zBv,57,131,49
u65giulp,KfTo3ltg7C,64,50,79
cr7yh3pi,MLSao3C0tr,57,115,97
8sf6545t,XTeshPr7C9,67,128,18
6vzizsxw,iToqRFtmks,58,2,43
ipyf55hv,vh7hPeSlw7,61,97,11
4ietmn4j,4s4zSQ6YHG,60,58,77
fcxt5ufw,1I9BwJdNw8,27,133,43
owo7x79e,7PJpRQm2S4,59,62,34
2axlgc1d,G9nl3QC4OO,18,127,51
f5shjt6f,PXV11saMYt,23,119,61
pch9f6km,pwASwrsRoG,42,98,79
nf9rolun,FoVSm96196,34,140,9
8gp8wxe0,DPTaRrxq8W,39,148,57
7whizx6e,qO1xKTSYt0,70,133,8
rr2ltjs9,F9rbHKR87e,25,66,55
tpvt40bh,SEkBnDmNco,44,6,90
fj750mn3,RtDHgmrM67,60,85,84
cn0be1a5,PfFv9PZH72,70,131,63
p0e1fd11,Pd4yQqDhyq,52,41,84
4ksula2p,OxYR9iL187,18,112,56
2xh4f44y,ttSutyb4yq,44,120,4
mtpn2qll,bPrm9BujlS,65,15,60
my5w1uqy,iRpv7dxIJb,32,88,8
8jdyrs8o,iqEn95CMWo,18,66,49
0knnmhbf,P5eRX917iC,67,9,81
jlunblge,uVHiCKfdjn,27,73,39
fbf1zxfy,hDjl5TvrnZ,30,146,81
a6oyp7au,TNUzw3jM3S,35,33,30
gf7t2zem,9ZfK5Ll1GW,33,74,82
2jzq516y,CItBRlnF84,29,10,68
b9kjqxno,F9aFcTMDYt,60,22,9
6clxr7av,tPqo6gGEa2,29,129,74
mq94eoaq,bW7jLva1sZ,26,75,94
dfzs7yt5,8SaRcFiIvE,33,110,40
s3q0ba3g,Lp1VXKWh9n,55,102,7
kmm2qufb,qO8mPAHW9C,35,132,66
0qcyheng,y3uohW0xrQ,40,29,94
p6ino7ox,5oEQJIwrEI,48,35,22
52gjktly,WSTyrBjlXS,65,132,20
ti1bdptu,vJ1bHcI5qG,66,59,75
0ohrj2xj,pDE6bfg5zZ,24,99,97
icyp6smj,CAFW0wQKrb,57,55,66
jxorrsi4,96gzW3v1qk,61,41,83
4s7uw7in,K9c25ZRGHb,20,115,44
uszymmix,vPQhbFlzis,61,93,86
n2dj47gv,YvIZBylFN0,45,63,11
fqy63pk6,ejutbNpKFb,64,12,45
nb6ym02d,TxKKjHsMRd,46,88,62
g88858qe,00fjPPcu5l,36,116,51
0qkpipfa,KGjQD29rPD,34,111,76
912s5eui,QOEhNuxmfi,27,97,42
hswy5ex9,WWEuoMQ9Ho,33,18,54
x22r7e9w,bL0O9JHR7t,27,34,81
r63d3znu,Ke58YqYY9M,35,88,48
jx4hp9ip,PdtJyuhigz,69,37,82
vq8kbe6t,pjbwBjwh0t,64,104,40
g3yo72op,JkEjNhgdLO,60,79,44
a3j53oz5,s2cXuBfLBg,67,128,24
jdhkndw4,bDeFf06VTQ,20,77,19
f76ngjss,psr6vApjI1,64,136,51
vor1a5r3,6P7qphzNAg,60,76,76
u640evpg,eFu8LqiPoA,48,104,87
srgxc16m,chm4pbBH1y,26,108,62
2ioxjw9k,TUw3uHIzEr,52,106,46
lfved78n,A6TTaDpOjO,26,78,76
2curtkip,jvtyqwJkv7,32,94,47
5uqvwwxw,6lPVClAKOC,64,102,17
ad1pgjpy,heKPvkG1Ig,30,117,99
ujukotef,eKBjRq1FhT,22,138,32
szq6dfc2,fFk7bxTCSU,32,9,90
iwx2j6ci,TtUCKpR6a3,51,95,5
cvok3q7u,8rgzm8who1,51,64,82
kh1w679j,5fIMFiZnKW,57,82,87
a2mukpr6,UWGoRVfNbo,63,10,40
g4uf170q,C0UECBrNnV,30,30,48
jxxx7w8f,zwI5Z6cGzs,39,141,43
7harn1ga,i7ghY1lRkH,37,15,95
f0t3pkrl,YiGypvTK7w,30,80,44
d9ket3ye,EnyaRbWgEt,59,20,11
xcpcbi01,byag9rQMQy,26,36,30
d4w5bsvh,Ky9E9DwFUm,40,1,13
4i4z9nc0,7ykbako9Nt,28,12,11
avt1qbg0,0Bn8EgDHUc,42,109,48
5f5x7cfd,Kcg4NMzasT,32,135,82
958dbsbn,CphOKBChGS,65,100,16
35i97yjj,xIjuvXonRu,69,144,42
p61316r4,auADLOalLz,20,10,40
wf4waf18,fJZ3vlTAkz,63,37,38
lgrd7i8m,id10YnMMRg,45,79,48
m2n80ktq,b3hF5sJfrm,34,96,99
d6ldqyep,hujaH0rMda,45,90,74
j2qkki2b,NqyHNj8SNH,57,24,1
bes1xgs5,TRB6PntnGH,68,8,61
egpqvgy3,lqlF7bzwgX,34,110,95
89i8ng6t,RRMpfLcVGc,46,68,50
3f0rei0r,8n9H2QegsQ,28,105,81
sf3w1lat,cPRAmEANw7,18,133,88
nx7hk2vf,AaLTZky9pz,18,37,39
0lwsocgn,8GpkJ9m7RT,60,4,39
ufn2f45q,lBQrsD4Bce,60,3,63
k67qt1kf,wRPXc0ZN2f,50,48,24
qfxsxopz,iH9xEmG7Kx,45,9,8
6ydg9gvr,uo5DTVZF1V,28,26,26
eopcwyub,y0TMJeDK5i,65,40,74
iel1uajz,7tASblIavS,62,47,56
51rf1r8i,HPecQ1eoZe,47,44,71
llmjhnuj,cPUWAm6N6H,56,25,67
ib2fwo72,QQuSeCeMww,67,76,54
koa6j1yv,H5KHjj7FR5,20,59,5
rui63bhr,jlvOlcz3yC,25,96,91
zezijcs9,2jEgD1fQy2,70,31,61
enljhtu2,O4lfgV8ivO,31,126,31
o9oflqyx,gllT1mAKcl,50,35,82
izlylj4x,tGP70Besm7,52,112,54
2d6kia9z,hoxmMudx3s,67,96,35
z0twk88v,1sQsUm8xUm,68,141,98
jhpvyg2b,yz6RxLC774,70,90,26
ojizwk69,pGzEvSy5ez,57,14,26
767jo1nm,DsyJUKpcpj,27,36,8
j8f51zqa,zXD5NTNvAs,62,82,48
n0flxucm,ITP5wRt6eu,43,15,92
0yiob113,tHWT6twhkN,41,97,6
odvajmf9,F55xV3NQ7B,29,37,98
2y4n0e1y,0Vn7BMZQT0,19,136,47
wnqt77ii,9toLYR9d7x,44,140,51
vh79rk4b,0VcAKVxwOO,46,117,100
lfkd5y6e,pXUHeWUZpg,45,102,40
zzbfnelz,bJcq6bQkEq,48,77,75
7zehlfyt,YqbipKm8UQ,48,45,76
zr7lriyo,MRVwCoUOsG,46,63,23
p5ei3tfd,hsHSitbEVI,23,61,23
wdc3jkhn,zGEyBaEwNC,64,139,27
y0qhap00,lfluYsySDO,70,149,8
rlhb4cy9,tD4wakxHOX,40,115,71
07e4x939,9hcyKh1NHj,54,106,84
m55y9vnl,OMefatrSyy,31,12,27
1lg5vi1s,UUh9XL3RPD,53,49,97
2k44kr20,bcUnZibzDV,26,135,11
rts8bn84,fK46tDRn9I,22,8,96
a7shn81d,t5tiZnTdfD,61,117,66
icdlo68d,NGp4XNceLq,55,62,19
hcx7sp6v,saY2VYbYg2,49,66,15
t71ezypj,7vnrWbE70U,21,1,91
67ozxhh3,mxdDfHHrCe,53,19,90
ix7oq7i5,kDk6Gmq8Uz,30,26,81
8k7s47fe,I2Ws1nhO8r,65,116,81
6und5g07,D4O6r9TvrE,56,94,28
vkqcglmr,j3qWEpnQWf,25,24,90
6om1620b,iNn1jZrIPv,46,13,49
erxpqr0m,HgFHBt78jF,23,47,58
wz5jiuu6,QRhG8GdXNq,18,6,55
fajp4bxy,MCUaQEQz8H,42,46,64
51dr20wa,GhILapSLSl,43,59,56
nvw6xjhi,k1mF1ng43c,58,89,84
f8rdeaja,Ggx5CpnGG7,38,11,85
9favjy4b,kacoBiCLmB,67,85,73
a6tu7k4k,W53LxGo5WD,55,47,6
sfvznk6q,vGvbI8bccf,52,3,80
1gghvaki,wnobh8Fifr,42,126,52
4r96kiz1,cXf4AmCU4S,63,80,87
qav4rh56,HF0W8VFpQi,43,54,18
m6vvazr2,rLiHLZsVx9,41,118,66
c0v14knq,TdwrV1tKdx,24,132,23
yii9um00,NiVkME06yk,21,13,49
1yo0aj89,HfFlMrR3iU,22,121,11
3lemgyj4,TWIjr38f6c,29,5,71
xgeyqvbi,YJWIADCzVN,58,107,17
5exs366f,SsB7ii3wUb,25,130,6
mo7qlmyy,PwdAl3iWYW,61,98,66
p80gn5jj,e1MDmFW3yZ,31,113,1
iux6grqg,UgybbVN7FW,69,45,8
x4262ek0,Zv1xEr8XcT,70,85,54
s05rbobs,Fe55eBkbSD,48,115,19
p99rwdhk,ABZXMnZTrm,46,82,7
lk26y94l,G7uwW9joha,67,13,51
y8h529l3,DNFv8egyWX,61,135,34
zqp4mwzh,lIbu10EOah,42,68,73
k2pqxybz,ZKLeoTMgjo,41,106,95
opm8ol3a,N3Ko6keGVh,36,14,34
v9tniqc2,aakXI8Vc2A,68,92,20
328cgvpt,dCmQcTMl32,51,1,90
c3u3wlnl,RQTFiZDA2E,28,6,26
h1bgjmxk,Nlo91JWHMq,69,79,16
q4cjxcnw,MJySpIG6Cy,50,56,46
5em2m4gk,dv9k95pZpE,66,4,50
nkjn18qv,UbMzVvEh1J,26,80,81
d6z2bgty,ym7Jge84ff,65,137,3
mtspdovx,RCAkdF1ziK,67,26,90
mi9547qx,ROZS1GDqT1,55,131,58
e25wsgn5,pvlsgHwHOl,28,3,35
978cfh4e,YiT1Cbbkzm,23,147,25
indsc453,SEYlC3wxI1,18,26,51
k9h2vrry,AwLKafEsFU,61,129,83
7dw855iy,5r00rOgcwl,65,49,19
uauwoe3e,N5DmggSQO6,53,42,59
vg31g27r,xNzwJuk6Ze,53,100,4
ieli713n,5yQJCDR8RV,36,99,24
zvmj00y9,lIq5syvABD,28,112,5
t03pl3tb,vU6HT0cspU,36,84,42
5x7y7czd,WAl0vQLUzo,28,136,100
9qd0igag,xMGByhQFjL,31,36,73
emjts4ct,qqlyFhFHvM,35,58,33
dan0ds7x,GzGtgDJBX6,62,66,44
u4fm9k3t,liXuLQzONQ,65,45,7
nzigourc,zhej73t0Wu,66,94,25
k11ona14,SiZesgocap,65,110,3
aiaarkkh,mQZRtb8mIo,49,72,2
o7oe1yka,4SUpbGGZxm,33,46,48
25tpniys,b47XnegMgn,31,91,53
zna622uk,MmYclqAdTB,49,75,32
yq6fl3oh,FehjTEjiAs,20,83,72
pq6a1b9b,kgK07HrPJe,70,7,63
nil5dkso,LjByLRtwj3,27,70,89
1jdwtooa,QCwuryyQFB,41,121,46
wzpvyo7k,yZBMrIRjnf,64,108,76
9noynyhv,O73v0pAmcr,69,132,100
qhgw0fgw,zQwTUbddDN,18,135,11
e6f2rzpq,nNYnMSEsWm,51,45,86
102j245r,EJnJjpa8G6,52,122,17
d5cptxid,CvfA4K34ak,46,52,76
owaqwyq4,3SCSqMbz6F,66,78,80
qcbq627c,Pwew47umTS,46,83,9
adtoz2iu,fYK9HvA7VG,43,86,18
psgxzmpa,46Qm85xRbr,52,81,78
rp4yyqec,cb56VsY7Qa,28,81,41
xxuuqyij,p4ZhIVWKCS,26,61,27
2aoqdu0l,kWI3X270kb,39,80,54
4ttacmhr,7Tbd0yVzPX,18,46,76
49yrx0rz,AEZ0LoSYqZ,42,67,93
zxd7zkkk,j6aZkfsu0R,35,55,73
v9bck8ja,gVT6YoxDmT,25,47,100
2ks4jax2,Wq80xNiEB5,48,49,1
ub298lvm,3wPhPnT77r,35,150,98
mpboph4d,zaYoMud8in,38,108,32
kmzg411c,K43sdrh6bY,43,91,37
a1dr9kv3,QQHclkGc34,24,87,66
1llohfht,dExQgF4r1c,52,2,59
2he5qujp,zJWjanT1i2,25,134,45
wdblsw0n,ZcBJj4DVAs,52,137,18
xu1py63l,azxfo3IBlv,70,111,3
q1y4al33,ANHMsdPYxt,45,73,92
6qqj14j0,m5dakCUWel,26,129,3
2najj7kq,aDn69kU7GN,48,36,33
p4a3xmj8,qwIDVrOEsr,20,6,12
od6mjx42,6QCrezmY4E,37,7,93
ww2my2gq,v20U7aHCCT,23,18,21
7ao6otlq,wguP18z8md,54,124,12
ebq2llof,sGm8UapGXD,67,17,7
14bi55fr,9G1Uoer98s,32,97,2
sxqcm78f,3gUYukyH2I,24,135,40
m05yj33k,stZ3zlnlC0,44,30,84
0odt90lw,Oo0cMKkQZI,58,82,83
s1744kjq,mrl1dA9Zgv,70,73,47
d4nj0092,hBXcT56l3A,65,19,6
o34vtt9a,Jr4Qg6pXn1,68,103,53
h0ar1h9b,1mt4580VCa,67,49,53
63vdhssi,Z0RcqkOuuw,55,37,24
h6okc9d7,cu4aSFsuWo,39,129,90
g36mg2po,s1UIb6xRfZ,61,58,56
46c47ip6,1YAxNwQ8Or,52,86,19
qqjwuhac,4ZOOshhvh6,49,52,53
oztixv2d,nbs7ao0ouy,25,16,31
l1g5dcot,EMphjrPrFo,28,36,32
j3vh21ct,MlhOwMc1cn,53,121,60
gqv8gp2q,aBAqjnhmHy,43,132,18
qeqn7niw,p8r8mdyyiB,69,93,7
dm7r20d6,8smwJbbxbT,31,116,8
hyg3qv3u,TS0rjHgU4l,57,87,5
r6xjuegz,NH8tosYEwX,48,48,57
xjp04dhr,a8lFcpZ6L1,26,56,98
gnqahuke,6VeMAvfisc,68,72,47
pw5f51wz,PCWkhZGbQF,59,56,73
gizwzcky,9x1hwPty57,58,143,51
6cglin2r,WKx0J5eOQf,28,56,65
01fymglh,Cy3zNIP8LJ,59,148,11
zhsj6std,KqY3jGfDr6,41,19,51
jt64eg1o,XMHOXwJjrR,28,92,81
6mmfvuh4,8aMR4PsBRF,31,76,19
69dos6k2,c5qBZZkKRP,52,120,27
up2zopby,N2CsPZNAD3,47,90,17
28a9tg48,bVk01HJ3w1,21,17,4
xw8d3rk9,3JcLGE2UgS,34,93,78
4auydcc8,uQerbwcPmN,34,134,31
9c7u6dew,sRPVwr6ncH,53,113,58
pj54rgx1,4DWNRuezvg,18,120,59
qaowvb18,DEwEjmC9nw,34,129,30
k8h4qhgj,CqzPlqZ2G8,66,70,63
nreloi3y,zkC4lPcgB0,30,10,66
q29z9u65,OKqHdm8rZG,64,108,49
qrjbts8c,0wowdjFpG7,22,120,17
mw8yruko,2DJwhdz6Yh,63,38,89
roo3cbda,bRRHPIzyuK,47,66,90
mncx2400,mABuVVpRyl,69,5,71
7dnugdmc,cf3UMscaEn,69,17,21
7strj3yg,FtZniYz88J,42,99,44
oacmw5si,zQ5vQEcMhZ,48,121,25
17wx82y4,jlng8yOMtU,51,11,45
xfgr6rwx,skGHvUjHPm,23,119,5
xq5bwtk0,cBUqoy47fC,32,45,97
n1bfsupd,Bp4E9iNaKW,49,10,40
rema8jlu,6WyGNqdbGZ,34,38,3
d3jpawpa,U19zuCx8fw,18,99,72
y7tjlcj4,zEDOPY8xfb,25,61,29
pdq5r9s7,XarBRzkM3f,47,99,54
3fgepga2,UGnWQfddjZ,55,36,81
jflchz86,IVw2dYNdAp,22,31,12
u8x809wh,BvHkgOddCq,51,26,11
kjxiddjz,8BAXDC51Iz,56,58,21
0a1coz1k,bVc6wuTFZG,36,95,21
v4upzroq,bm1nUKoejP,18,63,99
3gn4eb13,aH4vbnjMwb,19,11,46
zk73poiv,Gz37A2OJBo,41,86,94
il149r50,z5cMdc7puS,53,150,59
c5osvchp,CoLtjMwO5H,31,47,42
4fky9c4r,SBmUED25b3,18,114,68
grr9d2a5,VFm0AyXzxc,18,149,100
9pvk8cgn,QoYCQUcLZ5,68,116,62
fv7qpnpu,cLgf2lCTsc,64,107,35
3k0colel,ScSjV84zrs,64,122,37
gllc4oh6,SSSROmUvin,21,97,60
vx4mwrix,2qz79MlrcQ,41,5,49
pn991xwg,NanUJjeLw0,20,110,31
4gddelvf,ejaRsg8o57,22,46,37
b11mmuar,AL9QxW5r7R,22,110,45
n043z3nl,yLme0siLJZ,60,44,68
molll0o6,Su4XJqlqQl,21,101,59
pqi3s1i6,RjUzQKUHda,28,27,43
8m3ymu8n,0zWepI6890,62,90,90
mftgnfcu,HbIP5RdAZt,28,35,40
2ux97gp8,x4pPB6yBMd,21,68,71
88s7ej26,hH46ZyCeU2,63,34,31
atczxfex,GbtGTIC1jD,34,66,62
qrlcimc7,NU73txjNqA,60,101,6
kvodj8jk,anefqX1aoa,20,98,18
9k4en6mr,QinOR7aykt,60,106,36
moxk3386,rLWIf2590V,24,132,69
v7v9lw03,uwiPXe2DAS,51,37,14
n20kyfur,qrBCbifr4v,35,27,56
sfr27luw,COnLbpjWnR,42,88,99
u17marrh,eYx8mUk77E,55,29,42
jvrace2n,fpI37dLsQi,33,136,18
oorcutbd,KZfNT1xaRD,49,104,18
ajthpsma,kUDaTGTqCo,31,60,37
3mv8xlex,zVQh7C6FEE,51,149,43
xa4ui2sh,j9zXUO0jg4,44,34,59
q1aild9r,uovNGbWnOj,66,31,51
ns1z545f,Ru9nzlbCSp,58,37,49
rpngum95,bIHFRGJsWd,61,71,26
4nxc92vk,X4vgVtw161,21,93,85
knyr54oq,CistBacEGh,50,8,41
whg807he,SppQolt9sF,70,14,15
1mbvin8r,9p68Urc47J,67,40,82
bidjwmd6,i8DudgH9Th,52,62,9
o6r1xkue,PuAj43KTQn,39,6,9
7m7bcnbr,M9rvej3bwU,32,129,57
dr8y9n61,d4hMyf4HNQ,18,25,41
1q0fyl4e,fy3vbRMOs3,57,19,82
ow1oyoa1,4X1x5gLteD,27,115,86
7j90u4j7,8PwgJnZWd2,33,101,8
8ng193fx,UWO07MYFSh,23,104,67
9zxg0sh9,9GLMTB18tr,37,127,81
xtchz2me,GebYZTdLfP,42,8,64
k8miqlm5,V9TOZLKPzf,38,47,89
m39sbz1s,pCNcMdsbSM,47,10,6
ghnewkew,dn2P6BEY1Q,20,122,29
dawoewem,9FbcdAgG58,50,116,84
98zdy5ja,GOOSYTbv8V,39,51,26
gi7af2gn,K29s6wRI8B,42,68,31
o7kywpcs,4MuVn1Ruxm,34,26,46
jfitkpav,cNX4rBQsNT,58,81,14
1blbpn0j,1jXmZeWbBM,37,31,88
mdmflhbc,gX5doMKAHX,26,140,74
6yqlfw72,xpZNv89H2D,54,107,32
ef889hnz,zT5mYPvJbi,51,64,77
im2irjc9,5qDW1FJPXH,44,79,68
8179cl3q,pVJsoeboKr,32,141,24
s9fuzzmk,ODcPCFpTyk,37,138,36
6su2c42q,3M899RtHFn,46,109,95
4ngyfxn2,dx58fYep2r,21,21,8
k4q0rkob,u84dW3BIq2,47,144,80
sef8reua,eaVbvn11LJ,40,34,49
zub6s2yi,IcnEJ8pDF1,49,60,37
qyjftfcm,4L38yLoQXk,38,26,66
4kwn0pw9,N3GT9HXCJ2,22,15,73
jbepqpnz,SqxTx3jo5M,45,58,38
qarf1epg,IFISbOrbm9,64,18,66
o7l427pc,DhOj7wOjdp,51,78,75
z1hlfpn6,GShCA83f8U,24,130,91
y4uai8c1,M6OKIep12N,22,68,33
6ti6jmks,g6jnNqutRQ,59,30,61
kf6akr3o,xL5GcSjKCm,58,54,32
ifja83kf,RBw95JbJhA,51,136,87
w25rvz8q,oyZpXDLZzY,67,90,84
ei1k2pvs,AGXJCX4eEa,57,51,17
j4r2npq6,gLcA6yHa8B,43,146,18
2practm8,YNJbKM5BYR,56,19,85
sak37nvo,IoByT2snLE,45,78,64
zmwpcp6p,lVukU6LLyB,22,18,90
s3rdlq15,IpVd62I79a,21,24,25
ssg6iusg,QiyW7JkeKF,43,25,24
9mocg2jx,VL4Ohx4Qa1,68,140,61
eh10869x,9mOUfuTDTL,54,92,6
h4yq0x3k,wtmAEURJW1,20,107,87
bzvqhjj7,o58wnb2auP,26,23,77
kpciu8nu,MwsvpRfP0E,58,35,26
da2i5p40,K5Y5pQ2uIQ,34,35,16
4tift9bv,2HQoq31Ytu,51,103,20
kazsjfnz,YRlSbFF0cN,66,32,12
uclxabmp,EvnDyyBSb8,22,63,33
g7x48kl4,bNWQmgydmN,54,31,48
wnuosr3c,Vf8bu65184,50,78,39
iiko81lf,sxn4qLBnZ0,34,148,3
ok768ejt,5JaNo4BcnE,43,36,36
vnas0cp9,pogmr4cvvf,50,83,47
809ijs5l,IBHoWJqCe5,24,30,40
lc4zi6xh,cAvswHWZ51,33,85,46
ba7jnppa,6yxJRdFBwf,65,47,27
7u3y91pa,3NZJRbk7d3,47,16,31
gadpteik,S6Ajvv8uzo,57,17,78
1omvipdu,zQqvpTIWTH,52,104,1
okklti4b,4bCgMQqYml,19,54,41
6188agds,pEG81OVfqd,60,115,54
qxxwdfcf,lhknMefO5n,63,9,11
xcvjldob,9yCS9KeaQO,48,48,86
vfwg8lbj,OrlHcBc3KY,28,100,49
90elxbbt,vBuRYdBmsF,61,68,43
ni08g5rp,0IOQ2dhB1e,22,104,89
qm2x6tv4,3ZAaSP7iuT,28,89,36
f1q764vn,MwS7GVfziw,30,4,16
o4v8njsa,XGU2UYY37O,22,19,3
fgux015y,qGrDiOrs0d,31,67,95
1whh2nee,itazKhoppR,29,144,68
j8xl5js2,81t9xJB3Vy,40,125,20
xosrw074,CXeWA2MoDQ,24,143,9
fyxcnju8,UlSKn81ylO,66,6,59
27kb598u,55TOftvYvb,27,11,11
8zkefyl6,yHM6AU9cHE,30,35,52
x92xhb9l,RftQIe4olH,45,55,9
vfsk46qs,qIh5HKVsUw,43,134,92
puy4fuoh,TzMOiw2Rjx,53,101,78
g5qpm9ea,98bjoCLG4P,65,54,89
5n54nrr7,zkvSyyH8oN,23,40,54
iydozk0d,rkXCryBAAs,52,47,5
9vje5w9u,KgatH4cjSj,55,89,78
ocbjcm0m,SkKV85k00b,34,117,91
hacb8jt2,gpaNdQueJ3,50,85,11
5tjoj9a2,7ZPWjOrIUP,47,124,63
tan1d2ad,XFnV7wDqwP,43,67,90
o8wq96kt,mYiSqeY1Ss,38,29,49
zo7r6r1x,84tQu0ltWS,66,109,92
8oc8jtgr,2if74SoCQv,41,102,50
ktzo14ac,cg5iNdZ41R,48,4,21
88z0f6hy,OZufk7kF2G,57,120,15
r64sqw7r,ellneplj1C,66,87,74
uso2bp99,OS5IZN0OQl,66,116,76
3affsm6a,KYfoXfn1Kp,25,82,9
6rf20r6s,x36IWqntVm,62,122,32
95kyp7ka,IZW9f6P7P6,19,28,30
qbtt35uz,xaAwtZaK4n,45,44,46
6mkt406y,4ewPEpcbG4,53,139,16
efogz3kc,KlOfNGtFOf,31,26,51
uazlciek,Iv0gcq96SC,48,18,92
irc60md1,tYHqrAdl3b,25,48,69
hdjghz06,uNrCUAtxZ8,70,84,75
7fbge3mh,SvNzVThMxA,44,61,32
c8uqan7l,wkY7AzULau,54,134,66
0ahltswh,pDDGScnTYx,31,132,20
blht0v4r,l8ViQlIE3w,50,32,95
3aoqlwy4,739N8VNLMQ,32,139,59
npp5d8rh,rsWfXrMWWu,42,141,42
r4r12sfq,uxSwxz7Wcy,30,106,76
2xqa4muz,YcvZQpp185,27,99,60
m4uuwopz,VYGoKDz28j,24,116,98
073dzday,E0Sybq0Crg,68,7,47
ts5qipbf,U3Cik37M0R,70,40,19
ldhqc594,YkspNZLYO3,23,54,67
civ4loj5,Dhk4SM5I3a,64,66,65
iggt4u5b,MF1UFBEWoV,65,70,32
rww13ieu,fefUGHg3Na,54,9,48
pogxud10,Rw9wl28qZg,61,102,29
e4pjbnvs,ZAcZck2RVo,46,73,46
cyv063y3,eU74LT4Wnr,47,70,97
lge3q8u2,eezvDNRZdC,38,128,27
91j40ka4,AqvxdWMbxE,68,124,29
489gocmu,xezcF6luel,61,68,97
iexvuh5k,oIjXRY2WNd,46,88,87
vq34gxw8,TIODjA9apr,43,23,39
aqivnn53,9lO8rIdyiU,37,11,94
wwunmz0a,H4DiyycYDd,61,82,4
n69vdcup,NTXtUglCqa,62,12,83
dxzcu4xq,68M6wHRAYc,63,64,88
42vtcg5j,oh1p9wymsf,59,18,84
tkmk75b9,py8kBsRKCa,28,59,36
ijb5zqqw,HCB12NAtiG,27,38,81
h8zv8li5,T4ksEcNUVg,38,27,5
nhfmtflm,DCQXAA6qSf,30,144,36
aq6bg4ox,LT0nFNKhmT,60,52,98
jg8s931a,TuOAdW5WJq,24,56,15
kz6sdy5b,Hrbi66gkks,31,131,14
vr8v21i1,Tz49xUVmrr,65,103,55
sxe2drlz,2cdxRzvK6a,68,98,64
riwh5aie,aosFiGIePa,65,80,99
hcc7gb2z,ZBylCd8ZlT,19,116,8
clpd6cv0,MIUDQef1ls,28,51,8
fnla1q8m,M4suTgDXrW,38,88,6
9gfqa9i2,9wsTnAXMUS,54,27,33
do935lwa,w7M94AtO35,61,101,22
qoewh1lc,S2ZuZGHS8d,68,30,99
rizm2p2w,m0vDgg911v,45,60,15
6j0zwx7u,Oz3T3f9e72,70,48,38
he01nhki,sg2DoO4TAu,35,108,86
npdcluwd,sw1PU2sxES,65,85,78
o2tc1l9h,Os1FoN4SeM,27,102,40
5zcvhwvn,QgkPJu9i8M,36,10,53
h6fcx4do,lEDa1OCymn,51,64,70
x296fm2z,w4eRDuJKh1,70,47,78
yx4ycwm3,HzepOdj9fh,58,117,6
hurmfdrv,qCgAEm4ATS,49,85,97
oc2ehxtl,cXgmRkUzzb,40,6,50
2w6zjdaa,Y0K2iSsSUF,34,123,97
lf63140h,sbpHEG22P2,51,53,92
0uniy7kj,D3JzVWAEkX,36,102,78
jin1esr1,5Cdq924WFN,36,31,70
lattn8pv,1H8cl5zUuc,64,55,16
nffsr7mj,OKlaCXlSj9,32,135,90
elpfigid,Qj8DGNsj4F,47,7,79
6uiyrva3,fi3Xu9XriU,58,125,31
kdn83620,RF5GwzdsTn,42,10,30
ulq5c55b,wWQEavI5R7,43,49,92
oz0rufq1,k1XVrSWeze,40,59,62
e0itnfhk,1gNv2cSL2W,37,90,33
hkmciwwn,p61ftuf0iF,67,36,87
5xqv9kbv,rb8GZXxvQ5,49,128,70
4abi0uj1,4eqNsVJcVf,44,83,7
t3qbo6i4,OatWVeKLO4,70,118,39
8gu4ahnr,zqPJmmBJnp,50,67,36
6bxndxpr,9ca9XRYOC5,29,29,8
qicwly5h,f7KbAJ10ln,70,56,97
aciumg06,Yih6JVBris,53,6,55
77srtkwl,HPM0dkb8ZP,18,37,72
hko46wn4,PuRMejgjvb,65,150,4
c7l6h871,y5pk4FvfGo,48,66,52
d6w2zowo,EZbn1n8Byw,69,131,34
35h7qblz,3Ks8w9ZbKj,40,29,6
09fj6hlw,vzJuYMQUTH,39,25,17
sgbvlz0f,CF93pqHqVH,21,116,66
4jlnoyoj,bj9YbMB3UD,45,29,12
1b24sv6e,BxhkDAL4sO,53,64,55
j5d90axk,1glffWILK2,48,10,83
cfdgnpqc,IlYkt5HZvK,58,7,100
oxzgq4yy,2twUXEt7Hh,28,90,17
8ikqvqhp,Fu15LlgTzm,26,78,40
uylx09yb,0H9yF2NZB7,44,138,76
w118i2p1,u6T1WFixox,50,1,13
6on2zhwx,HlYdBYDu2N,43,110,62
656dkkwn,hQupXT4uOX,68,74,87
sq1s38v0,Z0eTywtR30,29,25,47
pinzbktc,BMshe2dZUu,22,27,37
fue6fpe6,BjQBhLFFy1,69,150,85
bwadby0c,4q51tUfVpd,44,57,66
8oqrkc3s,QzCk5rEeZT,36,102,11
2khfaems,AWEaBr64C5,28,53,69
vdqtbg2e,C01qIvwHak,58,36,70
kxjevhxg,puJKB6DARH,62,120,56
nr2qseo6,0u7l2xHzLr,46,32,81
9dg0rly4,WJjpH5GGPj,64,94,85
j3v0n38z,9G5kJNwopv,60,123,49
rgrqau1y,LL4oL9vwxk,59,12,2
3z87ieeu,LY8XjxEyHu,46,82,27
drrouubo,EMaPtdrAAl,19,104,15
7w7qwkdc,TlHX0vMqq3,66,32,78
614ty39n,spdqcht1K1,39,42,66
qqsddy65,KZaBxYkWE0,20,29,26
2m2i72u8,bIo5fWrerv,57,142,95
6z1miviu,g1so99Tr7O,33,99,35
bvphbxgv,o0SZDJ1crZ,37,102,89
rw5k32na,pyJlRp2Y9f,28,31,23
20bxh6ft,mkhfAJz1ye,67,4,20
az9wyk04,Hq2tkFJ2H2,51,76,11
twmxor3a,q2BXFef6Jf,45,147,67
ig56a7bi,gZXSooD9os,44,59,36
iuuigw84,xnQIGoHWT4,51,35,12
tqhhgp3r,yEYqPdSJ9a,25,5,1
zujjudb6,2JArU2bWoG,38,62,82
mlkeige8,y3Zg4ZOE9S,27,111,33
xu01vwu7,5Jwx9dRlyO,32,65,65
dwnecbz7,pq2Y7BlgIF,44,131,83
nqa0totr,emldgVch4Q,21,79,25
atinljlf,iJZeeFSf0f,21,82,58
ikauy2ls,MrOyI00xzO,22,27,12
hgq9rjqn,32HAK3qNKg,21,62,96
ctz93zsa,EBCPwPsHWF,51,61,20
ssqzn26x,1xvkDuRI3v,23,10,67
iqncrhbl,6EVq6gVURS,39,100,100
dm8g5adg,9xZSEJt64C,19,16,29
irtd211h,XmzwiyEIoG,34,31,16
7h2q1b1x,Cia5i3gSuN,59,52,61
